customer_id,Last Transaction,Monetary,Frequency,Recenly,Monetary Score,Frequency Score,Recenly Score,RFM Class,RFM Score,Customer Segment
CG-12520,26/01/2017,$169.93,3,338,1,1,1,1-1-1,3,Cold Customer
DV-13045,11/12/2017,($427.18),5,19,1,1,3,3-1-1,5,Potentional Customer
SO-20335,01/12/2017,($81.09),6,29,1,2,3,3-2-1,6,Loyal Customers
BH-11710,07/12/2017,$802.79,8,23,3,3,3,3-3-3,9,Best Customers
AA-10480,15/04/2017,$435.83,4,259,2,1,1,1-1-2,4,Potentional Customer
IM-15070,05/12/2016,$514.65,7,390,2,2,1,1-2-2,5,Potentional Customer
HP-14815,30/11/2017,$373.86,7,30,2,2,3,3-2-2,7,Loyal Customers
PK-19075,21/12/2017,$2.038.27,12,9,3,3,3,3-3-3,9,Best Customers
AG-10270,27/03/2017,$732.74,5,278,3,1,1,1-1-3,5,Big Spenders
ZD-21925,11/06/2017,$249.13,5,202,2,1,1,1-1-2,4,Potentional Customer
KB-16585,14/05/2017,$579.36,12,230,3,3,1,1-3-3,7,At Risk
SF-20065,01/11/2017,$228.16,7,59,2,2,3,3-2-2,7,Loyal Customers
EB-13870,21/09/2017,$261.53,10,100,2,3,2,2-3-2,7,Potentional Customer
EH-13945,27/05/2017,$53.54,8,217,1,3,1,1-3-1,5,At Risk
TB-21520,14/09/2017,($1.603.05),9,107,1,3,2,2-3-1,6,Potentional Customer
MA-17560,27/10/2017,$1.240.23,11,64,3,3,3,3-3-3,9,Best Customers
GH-14485,08/12/2016,($95.45),2,387,1,1,1,1-1-1,3,Cold Customer
SN-20710,12/10/2017,$481.75,7,79,2,2,2,2-2-2,6,Potentional Customer
LC-16930,19/11/2017,$288.27,8,41,2,3,3,3-3-2,8,Loyal Customers
RA-19885,17/11/2017,$1.292.87,7,43,3,2,3,3-2-3,8,Loyal Customers
ES-14080,02/12/2017,$246.67,9,28,2,3,3,3-3-2,8,Loyal Customers
ON-18715,15/11/2016,($5.89),9,410,1,3,1,1-3-1,5,At Risk
PO-18865,30/12/2017,$437.85,7,0,2,2,3,3-2-2,7,Loyal Customers
LH-16900,09/12/2017,$526.07,9,21,2,3,3,3-3-2,8,Loyal Customers
DP-13000,26/08/2017,$241.45,9,126,2,3,2,2-3-2,7,Potentional Customer
JM-15265,23/11/2017,$502.61,5,37,2,1,3,3-1-2,6,Potentional Customer
TB-21055,02/09/2017,$390.21,5,119,2,1,2,2-1-2,5,Potentional Customer
KM-16720,02/12/2017,$745.77,8,28,3,3,3,3-3-3,9,Best Customers
PS-18970,22/10/2017,$198.51,8,69,1,3,3,3-3-1,7,Loyal Customers
BS-11590,25/11/2017,$381.78,6,35,2,2,3,3-2-2,7,Loyal Customers
KD-16270,02/09/2016,$1.107.70,5,484,3,1,1,1-1-3,5,Big Spenders
HM-14980,27/04/2017,$117.28,4,247,1,1,1,1-1-1,3,Cold Customer
JE-15745,09/11/2017,$221.80,13,51,1,3,3,3-3-1,7,Loyal Customers
KB-16600,29/12/2017,$293.55,7,1,2,2,3,3-2-2,7,Loyal Customers
SC-20770,19/11/2017,($671.19),7,41,1,2,3,3-2-1,6,Loyal Customers
DN-13690,27/05/2017,$540.54,7,217,2,2,1,1-2-2,5,Potentional Customer
JC-16105,03/11/2017,$201.60,5,57,1,1,3,3-1-1,5,Potentional Customer
CS-12400,28/12/2017,($342.80),9,2,1,3,3,3-3-1,7,Loyal Customers
PG-18895,03/11/2017,$334.52,9,57,2,3,3,3-3-2,8,Loyal Customers
GM-14455,14/12/2017,$793.28,6,16,3,2,3,3-2-3,8,Loyal Customers
JS-15685,18/11/2017,($54.87),4,42,1,1,3,3-1-1,5,Potentional Customer
KB-16315,09/03/2017,$49.72,9,296,1,3,1,1-3-1,5,At Risk
RB-19705,06/11/2017,$243.08,4,54,2,1,3,3-1-2,6,Potentional Customer
PN-18775,30/11/2017,$192.04,8,30,1,3,3,3-3-1,7,Loyal Customers
KD-16345,19/11/2017,$328.59,6,41,2,2,3,3-2-2,7,Loyal Customers
ER-13855,04/11/2016,($295.74),3,421,1,1,1,1-1-1,3,Cold Customer
RB-19465,21/12/2017,$640.55,12,9,3,3,3,3-3-3,9,Best Customers
GZ-14470,23/12/2017,$1.087.75,9,7,3,3,3,3-3-3,9,Best Customers
LC-16870,03/12/2017,($188.25),8,27,1,3,3,3-3-1,7,Loyal Customers
JM-15250,23/11/2017,$19.82,6,37,1,2,3,3-2-1,6,Loyal Customers
PA-19060,18/09/2017,$225.86,6,103,1,2,2,2-2-1,5,Potentional Customer
CV-12805,25/12/2017,$99.00,9,5,1,3,3,3-3-1,7,Loyal Customers
CL-12565,21/03/2017,$1.933.78,12,284,3,3,1,1-3-3,7,At Risk
RC-19960,11/09/2017,$10.56,6,110,1,2,2,2-2-1,5,Potentional Customer
DK-13090,18/11/2017,$536.39,7,42,2,2,3,3-2-2,7,Loyal Customers
GG-14650,17/11/2017,$12.70,9,43,1,3,3,3-3-1,7,Loyal Customers
SC-20725,26/06/2017,$1.276.65,11,187,3,3,1,1-3-3,7,At Risk
AD-10180,01/12/2017,$1.869.93,8,29,3,3,3,3-3-3,9,Best Customers
PF-19165,17/06/2017,$196.87,6,196,1,2,1,1-2-1,4,Potentional Customer
TS-21610,05/11/2017,($294.70),7,55,1,2,3,3-2-1,6,Loyal Customers
LS-16975,10/12/2017,$262.64,9,20,2,3,3,3-3-2,8,Loyal Customers
DW-13585,02/05/2017,($266.90),7,242,1,2,1,1-2-1,4,Potentional Customer
LC-16885,14/12/2017,$1.288.35,12,16,3,3,3,3-3-3,9,Best Customers
JD-15895,01/12/2016,$1.050.27,11,394,3,3,1,1-3-3,7,At Risk
SH-19975,01/12/2017,$558.47,13,29,2,3,3,3-3-2,8,Loyal Customers
SG-20080,22/12/2017,$570.44,3,8,3,1,3,3-1-3,7,Big Spenders
HA-14920,10/12/2017,$99.14,8,20,1,3,3,3-3-1,7,Loyal Customers
MG-17680,29/09/2017,$25.89,4,92,1,1,2,2-1-1,4,Potentional Customer
JE-16165,10/12/2017,$789.65,3,20,3,1,3,3-1-3,7,Big Spenders
TW-21025,27/10/2017,$737.39,7,64,3,2,3,3-2-3,8,Loyal Customers
SP-20650,09/12/2016,$268.48,9,386,2,3,1,1-3-2,6,At Risk
NK-18490,21/10/2017,$121.22,7,70,1,2,3,3-2-1,6,Loyal Customers
DB-13060,14/12/2017,$473.03,7,16,2,2,3,3-2-2,7,Loyal Customers
NP-18670,02/11/2017,$514.60,5,58,2,1,3,3-1-2,6,Potentional Customer
TT-21070,29/11/2017,$751.96,7,31,3,2,3,3-2-3,8,Loyal Customers
EM-13960,01/08/2017,$102.30,5,151,1,1,2,2-1-1,4,Potentional Customer
RD-19900,07/09/2017,$455.53,9,114,2,3,2,2-3-2,7,Potentional Customer
MJ-17740,08/12/2017,$1.054.55,7,22,3,2,3,3-2-3,8,Loyal Customers
BM-11140,26/02/2017,($1.659.96),4,307,1,1,1,1-1-1,3,Cold Customer
CS-12130,28/08/2016,$143.83,4,489,1,1,1,1-1-1,3,Cold Customer
JB-15400,23/12/2017,$156.05,10,7,1,3,3,3-3-1,7,Loyal Customers
SJ-20500,21/04/2017,$68.10,5,253,1,1,1,1-1-1,3,Cold Customer
JK-15640,03/07/2017,$1.172.53,9,180,3,3,2,2-3-3,8,Potentional Customer
DK-13150,20/12/2017,$249.94,2,10,2,1,3,3-1-2,6,Potentional Customer
RM-19675,24/12/2017,$1.902.54,5,6,3,1,3,3-1-3,7,Big Spenders
SK-19990,22/12/2017,$168.79,3,8,1,1,3,3-1-1,5,Potentional Customer
FM-14290,24/11/2017,$198.11,9,36,1,3,3,3-3-1,7,Loyal Customers
AM-10360,02/12/2017,$194.99,5,28,1,1,3,3-1-1,5,Potentional Customer
MP-17470,11/01/2016,$600.29,7,719,3,2,1,1-2-3,6,Potentional Customer
MZ-17515,23/03/2017,$787.75,6,282,3,2,1,1-2-3,6,Potentional Customer
CB-12025,13/11/2017,$150.21,10,47,1,3,3,3-3-1,7,Loyal Customers
VM-21685,06/11/2017,$513.53,7,54,2,2,3,3-2-2,7,Loyal Customers
FH-14365,25/12/2017,$2.050.28,8,5,3,3,3,3-3-3,9,Best Customers
MB-17305,12/11/2017,$212.43,10,48,1,3,3,3-3-1,7,Loyal Customers
BS-11755,29/12/2017,($113.30),7,1,1,2,3,3-2-1,6,Loyal Customers
LC-17140,17/12/2017,$231.13,9,13,2,3,3,3-3-2,8,Loyal Customers
HK-14890,01/08/2017,$956.95,8,151,3,3,2,2-3-3,8,Potentional Customer
LE-16810,09/12/2017,$161.76,6,21,1,2,3,3-2-1,6,Loyal Customers
JH-15985,01/12/2017,($644.70),6,29,1,2,3,3-2-1,6,Loyal Customers
MS-17980,04/12/2017,$55.23,6,26,1,2,3,3-2-1,6,Loyal Customers
VW-21775,02/12/2017,($874.66),10,28,1,3,3,3-3-1,7,Loyal Customers
JH-15910,19/11/2017,($13.55),7,41,1,2,3,3-2-1,6,Loyal Customers
JB-15925,24/12/2015,($286.98),3,737,1,1,1,1-1-1,3,Cold Customer
DS-13180,07/12/2017,$163.70,9,23,1,3,3,3-3-1,7,Loyal Customers
VD-21670,28/05/2016,$1.617.79,6,581,3,2,1,1-2-3,6,Potentional Customer
EA-14035,31/07/2017,($52.74),13,152,1,3,2,2-3-1,6,Potentional Customer
DB-13120,12/11/2017,($1.421.77),7,48,1,2,3,3-2-1,6,Loyal Customers
KL-16645,13/11/2017,$806.86,12,47,3,3,3,3-3-3,9,Best Customers
DW-13480,27/05/2017,$1.348.76,5,217,3,1,1,1-1-3,5,Big Spenders
LH-17155,10/12/2016,$316.52,9,385,2,3,1,1-3-2,6,At Risk
KC-16540,24/09/2017,$709.42,4,97,3,1,2,2-1-3,6,Big Spenders
DL-13315,08/12/2017,$288.87,8,22,2,3,3,3-3-2,8,Loyal Customers
DR-12880,27/12/2017,$1.641.86,9,3,3,3,3,3-3-3,9,Best Customers
CC-12670,01/12/2017,$187.84,7,29,1,2,3,3-2-1,6,Loyal Customers
Dl-13600,02/09/2017,$175.24,5,119,1,1,2,2-1-1,4,Potentional Customer
SB-20290,13/11/2017,($2.082.75),7,47,1,2,3,3-2-1,6,Loyal Customers
RC-19825,26/12/2016,$63.99,6,369,1,2,1,1-2-1,4,Potentional Customer
AH-10210,24/12/2017,$1.308.55,9,6,3,3,3,3-3-3,9,Best Customers
CB-12535,16/06/2017,$1.049.56,8,197,3,3,1,1-3-3,7,At Risk
CA-12310,17/12/2017,$246.02,4,13,2,1,3,3-1-2,6,Potentional Customer
KH-16690,28/12/2017,$1.227.51,7,2,3,2,3,3-2-3,8,Loyal Customers
BB-10990,16/09/2017,$11.58,5,105,1,1,2,2-1-1,4,Potentional Customer
AG-10495,13/10/2017,$295.67,8,78,2,3,2,2-3-2,7,Potentional Customer
JO-15280,29/09/2017,$202.14,6,92,1,2,2,2-2-1,5,Potentional Customer
AH-10195,05/11/2017,($378.55),4,55,1,1,3,3-1-1,5,Potentional Customer
NZ-18565,06/10/2017,$402.42,9,85,2,3,2,2-3-2,7,Potentional Customer
KL-16555,14/12/2017,($182.78),8,16,1,3,3,3-3-1,7,Loyal Customers
AS-10225,08/12/2017,$719.78,5,22,3,1,3,3-1-3,7,Big Spenders
CR-12625,16/09/2016,$144.76,3,470,1,1,1,1-1-1,3,Cold Customer
SH-20395,07/12/2017,($144.52),10,23,1,3,3,3-3-1,7,Loyal Customers
BP-11185,29/12/2017,$363.60,9,1,2,3,3,3-3-2,8,Loyal Customers
TS-21205,15/06/2017,$862.89,7,198,3,2,1,1-2-3,6,Potentional Customer
AG-10525,07/09/2015,($152.76),4,845,1,1,1,1-1-1,3,Cold Customer
SP-20860,12/10/2017,$566.72,10,79,3,3,2,2-3-3,8,Potentional Customer
NM-18445,23/07/2017,$2.751.68,7,160,3,2,2,2-2-3,7,Potentional Customer
FA-14230,24/09/2017,$520.52,7,97,2,2,2,2-2-2,6,Potentional Customer
GK-14620,09/09/2017,$1.448.55,9,112,3,3,2,2-3-3,8,Potentional Customer
DJ-13510,12/11/2017,$345.25,8,48,2,3,3,3-3-2,8,Loyal Customers
PO-18850,26/12/2017,$38.48,11,4,1,3,3,3-3-1,7,Loyal Customers
JL-15850,25/04/2016,$779.90,6,614,3,2,1,1-2-3,6,Potentional Customer
DB-13615,27/11/2017,$438.80,7,33,2,2,3,3-2-2,7,Loyal Customers
AC-10420,12/05/2017,($62.13),3,232,1,1,1,1-1-1,3,Cold Customer
CC-12550,03/12/2017,$33.87,3,27,1,1,3,3-1-1,5,Potentional Customer
TD-20995,23/11/2017,$88.19,9,37,1,3,3,3-3-1,7,Loyal Customers
AB-10060,06/11/2017,$2.054.59,8,54,3,3,3,3-3-3,9,Best Customers
JL-15505,11/11/2017,$591.72,6,49,3,2,3,3-2-3,8,Loyal Customers
VB-21745,06/11/2017,$371.24,6,54,2,2,3,3-2-2,7,Loyal Customers
KW-16435,25/09/2017,$1.756.14,5,96,3,1,2,2-1-3,6,Big Spenders
JD-16060,05/03/2017,$111.11,3,300,1,1,1,1-1-1,3,Cold Customer
MK-17905,02/12/2017,($405.36),8,28,1,3,3,3-3-1,7,Loyal Customers
GT-14755,26/11/2017,($6.14),4,34,1,1,3,3-1-1,5,Potentional Customer
AG-10900,25/09/2017,$343.68,10,96,2,3,2,2-3-2,7,Potentional Customer
MM-18280,06/10/2017,$58.89,9,85,1,3,2,2-3-1,6,Potentional Customer
AR-10405,27/08/2017,($98.76),5,125,1,1,2,2-1-1,4,Potentional Customer
RA-19915,18/12/2017,$304.87,9,12,2,3,3,3-3-2,8,Loyal Customers
AS-10285,11/12/2017,$354.63,6,19,2,2,3,3-2-2,7,Loyal Customers
LA-16780,29/07/2017,$2.059.12,11,154,3,3,2,2-3-3,8,Potentional Customer
DO-13435,19/08/2017,($38.91),9,133,1,3,2,2-3-1,6,Potentional Customer
DK-13225,20/12/2017,$209.90,9,10,1,3,3,3-3-1,7,Loyal Customers
NG-18430,12/11/2017,$217.09,5,48,1,1,3,3-1-1,5,Potentional Customer
MV-18190,11/12/2017,$273.86,7,19,2,2,3,3-2-2,7,Loyal Customers
JG-15115,03/12/2015,$684.19,3,758,3,1,1,1-1-3,5,Big Spenders
BP-11095,13/12/2017,$433.98,12,17,2,3,3,3-3-2,8,Loyal Customers
VP-21730,30/11/2017,$205.39,3,30,1,1,3,3-1-1,5,Potentional Customer
SS-20140,15/12/2017,$332.35,8,15,2,3,3,3-3-2,8,Loyal Customers
AG-10675,24/09/2017,($246.43),7,97,1,2,2,2-2-1,5,Potentional Customer
LF-17185,08/12/2017,($3.583.98),7,22,1,2,3,3-2-1,6,Loyal Customers
RF-19840,24/12/2017,$280.03,8,6,2,3,3,3-3-2,8,Loyal Customers
KH-16510,08/12/2017,$656.12,7,22,3,2,3,3-2-3,8,Loyal Customers
KC-16675,03/11/2017,$156.78,4,57,1,1,3,3-1-1,5,Potentional Customer
CJ-12010,24/06/2017,$858.74,8,189,3,3,1,1-3-3,7,At Risk
PB-19150,24/09/2017,$280.66,8,97,2,3,2,2-3-2,7,Potentional Customer
MP-17965,19/10/2017,$638.16,9,72,3,3,3,3-3-3,9,Best Customers
NF-18385,12/10/2017,($1.695.97),7,79,1,2,2,2-2-1,5,Potentional Customer
SD-20485,13/06/2017,$1.985.17,9,200,3,3,1,1-3-3,7,At Risk
KH-16630,02/11/2017,$727.38,9,58,3,3,3,3-3-3,9,Best Customers
RB-19795,28/11/2017,($461.73),8,32,1,3,3,3-3-1,7,Loyal Customers
MK-18160,04/05/2017,$227.83,4,240,2,1,1,1-1-2,4,Potentional Customer
PO-19180,23/07/2017,$1.155.43,9,160,3,3,2,2-3-3,8,Potentional Customer
BB-11545,02/12/2017,$1.015.08,9,28,3,3,3,3-3-3,9,Best Customers
TB-21595,20/03/2017,($136.41),5,285,1,1,1,1-1-1,3,Cold Customer
RB-19360,25/09/2017,$6.976.10,6,96,3,2,2,2-2-3,7,Potentional Customer
EB-13705,12/11/2017,$13.62,9,48,1,3,3,3-3-1,7,Loyal Customers
SC-20095,15/01/2017,$5.757.41,9,349,3,3,1,1-3-3,7,At Risk
TN-21040,01/10/2017,($692.05),7,90,1,2,2,2-2-1,5,Potentional Customer
JS-15940,23/09/2016,($327.93),5,463,1,1,1,1-1-1,3,Cold Customer
MH-17785,23/09/2017,$238.56,7,98,2,2,2,2-2-2,6,Potentional Customer
JP-15520,22/12/2017,$757.18,7,8,3,2,3,3-2-3,8,Loyal Customers
JE-15475,20/06/2017,$276.22,6,193,2,2,1,1-2-2,5,Potentional Customer
JG-15805,21/05/2017,$206.10,6,223,1,2,1,1-2-1,4,Potentional Customer
XP-21865,17/11/2017,$621.23,11,43,3,3,3,3-3-3,9,Best Customers
EM-14065,13/11/2017,$40.15,4,47,1,1,3,3-1-1,5,Potentional Customer
MT-18070,10/06/2017,($23.68),4,203,1,1,1,1-1-1,3,Cold Customer
SA-20830,28/10/2017,$610.15,10,63,3,3,3,3-3-3,9,Best Customers
CW-11905,08/12/2017,$370.83,6,22,2,2,3,3-2-2,7,Loyal Customers
AJ-10960,17/10/2017,$60.43,3,74,1,1,3,3-1-1,5,Potentional Customer
SS-20590,24/10/2016,$135.54,6,432,1,2,1,1-2-1,4,Potentional Customer
RO-19780,25/11/2017,($1.262.57),7,35,1,2,3,3-2-1,6,Loyal Customers
MD-17350,04/09/2017,($241.95),7,117,1,2,2,2-2-1,5,Potentional Customer
MY-17380,01/12/2017,$319.12,7,29,2,2,3,3-2-2,7,Loyal Customers
CM-12385,23/11/2017,$3.899.89,4,37,3,1,3,3-1-3,7,Big Spenders
LS-17245,26/11/2017,$348.36,6,34,2,2,3,3-2-2,7,Loyal Customers
BN-11515,21/12/2017,$340.71,5,9,2,1,3,3-1-2,6,Potentional Customer
DB-13210,21/12/2017,$169.97,10,9,1,3,3,3-3-1,7,Loyal Customers
CK-12595,17/11/2017,$497.71,11,43,2,3,3,3-3-2,8,Loyal Customers
MC-17605,09/09/2017,$195.45,8,112,1,3,2,2-3-1,6,Potentional Customer
BD-11605,24/09/2017,$634.85,7,97,3,2,2,2-2-3,7,Potentional Customer
PH-18790,21/10/2017,$47.89,1,70,1,1,3,3-1-1,5,Potentional Customer
MG-18145,07/10/2017,($93.60),4,84,1,1,2,2-1-1,4,Potentional Customer
KB-16240,26/12/2017,$763.91,7,4,3,2,3,3-2-3,8,Loyal Customers
JC-15340,07/09/2017,($0.36),4,114,1,1,2,2-1-1,4,Potentional Customer
RL-19615,31/08/2017,$488.15,8,121,2,3,2,2-3-2,7,Potentional Customer
AA-10375,11/12/2017,$277.38,9,19,2,3,3,3-3-2,8,Loyal Customers
EP-13915,18/12/2017,$144.96,17,12,1,3,3,3-3-1,7,Loyal Customers
DK-12985,23/12/2017,($107.35),5,7,1,1,3,3-1-1,5,Potentional Customer
BD-11500,25/11/2017,$1.142.12,6,35,3,2,3,3-2-3,8,Loyal Customers
LM-17065,04/12/2016,($44.88),5,391,1,1,1,1-1-1,3,Cold Customer
AS-10135,19/11/2017,$21.85,2,41,1,1,3,3-1-1,5,Potentional Customer
BD-11320,27/11/2017,$1.094.50,12,33,3,3,3,3-3-3,9,Best Customers
GT-14710,24/11/2017,$2.163.43,11,36,3,3,3,3-3-3,9,Best Customers
AJ-10945,06/10/2017,$521.14,7,85,2,2,2,2-2-2,6,Potentional Customer
OT-18730,26/10/2017,($925.12),5,65,1,1,3,3-1-1,5,Potentional Customer
LP-17080,20/11/2017,$110.78,4,40,1,1,3,3-1-1,5,Potentional Customer
CA-12775,01/09/2017,$204.49,7,120,1,2,2,2-2-1,5,Potentional Customer
JF-15490,31/08/2017,($18.07),11,121,1,3,2,2-3-1,6,Potentional Customer
FP-14320,07/12/2017,$406.45,8,23,2,3,3,3-3-2,8,Loyal Customers
EB-13840,01/10/2017,$656.20,5,90,3,1,2,2-1-3,6,Big Spenders
JF-15415,28/12/2017,$635.64,6,2,3,2,3,3-2-3,8,Loyal Customers
SF-20200,01/11/2017,$286.90,9,59,2,3,3,3-3-2,8,Loyal Customers
TG-21640,07/09/2017,$365.72,4,114,2,1,2,2-1-2,5,Potentional Customer
CS-11950,05/12/2017,($126.42),11,25,1,3,3,3-3-1,7,Loyal Customers
CC-12145,15/09/2017,$392.28,7,106,2,2,2,2-2-2,6,Potentional Customer
DV-13465,01/12/2017,$353.21,6,29,2,2,3,3-2-2,7,Loyal Customers
BD-11725,28/09/2017,$333.98,6,93,2,2,2,2-2-2,6,Potentional Customer
ZC-21910,06/11/2017,($1.032.15),13,54,1,3,3,3-3-1,7,Loyal Customers
MS-17830,04/10/2016,$19.43,4,452,1,1,1,1-1-1,3,Cold Customer
LR-16915,04/12/2017,$535.48,6,26,2,2,3,3-2-2,7,Loyal Customers
TP-21130,22/12/2017,$1.129.13,9,8,3,3,3,3-3-3,9,Best Customers
CK-12205,21/11/2017,$141.28,13,39,1,3,3,3-3-1,7,Loyal Customers
AS-10240,21/06/2017,$33.72,7,192,1,2,1,1-2-1,4,Potentional Customer
AR-10510,16/12/2017,$43.67,5,14,1,1,3,3-1-1,5,Potentional Customer
NB-18655,11/12/2017,$117.64,9,19,1,3,3,3-3-1,7,Loyal Customers
GD-14590,25/12/2017,$230.94,4,5,2,1,3,3-1-2,6,Potentional Customer
NG-18355,12/11/2017,$313.63,5,48,2,1,3,3-1-2,6,Potentional Customer
CA-12265,04/11/2017,$279.62,9,56,2,3,3,3-3-2,8,Loyal Customers
SF-20965,12/11/2017,$539.94,9,48,2,3,3,3-3-2,8,Loyal Customers
MO-17800,17/09/2017,$169.34,8,104,1,3,2,2-3-1,6,Potentional Customer
AT-10735,17/12/2017,$974.11,10,13,3,3,3,3-3-3,9,Best Customers
FM-14380,07/08/2017,$191.49,9,145,1,3,2,2-3-1,6,Potentional Customer
DJ-13420,02/04/2016,$483.04,4,637,2,1,1,1-1-2,4,Potentional Customer
ME-17725,02/12/2017,$77.81,8,28,1,3,3,3-3-1,7,Loyal Customers
JD-16150,19/11/2017,$1.619.52,8,41,3,3,3,3-3-3,9,Best Customers
JL-15835,09/12/2017,$228.91,11,21,2,3,3,3-3-2,8,Loyal Customers
SC-20305,01/12/2017,$229.16,7,29,2,2,3,3-2-2,7,Loyal Customers
CC-12430,30/12/2017,$424.66,10,0,2,3,3,3-3-2,8,Loyal Customers
AR-10825,02/11/2017,$494.84,8,58,2,3,3,3-3-2,8,Loyal Customers
SR-20740,17/06/2017,$1.990.42,8,196,3,3,1,1-3-3,7,At Risk
CR-12730,13/10/2017,$306.92,4,78,2,1,2,2-1-2,5,Potentional Customer
EH-14125,31/07/2017,$96.27,10,152,1,3,2,2-3-1,6,Potentional Customer
SP-20545,06/02/2017,($118.78),6,327,1,2,1,1-2-1,4,Potentional Customer
TH-21235,04/09/2017,$92.73,8,117,1,3,2,2-3-1,6,Potentional Customer
RP-19390,27/11/2017,$465.25,12,33,2,3,3,3-3-2,8,Loyal Customers
RB-19570,05/12/2017,$76.89,5,25,1,1,3,3-1-1,5,Potentional Customer
CD-11980,06/11/2017,($206.72),3,54,1,1,3,3-1-1,5,Potentional Customer
DJ-13630,18/12/2017,$731.56,3,12,3,1,3,3-1-3,7,Big Spenders
GT-14635,04/11/2017,($4.108.66),3,56,1,1,3,3-1-1,5,Potentional Customer
MC-17845,29/12/2017,$698.42,7,1,3,2,3,3-2-3,8,Loyal Customers
RA-19285,25/12/2017,$546.09,9,5,2,3,3,3-3-2,8,Loyal Customers
NP-18325,05/12/2017,$1.208.89,6,25,3,2,3,3-2-3,8,Loyal Customers
AB-10165,05/12/2017,$220.81,8,25,1,3,3,3-3-1,7,Loyal Customers
JO-15550,29/05/2017,$167.67,5,215,1,1,1,1-1-1,3,Cold Customer
JK-15370,16/11/2017,$330.28,8,44,2,3,3,3-3-2,8,Loyal Customers
BN-11470,06/12/2017,$36.61,4,24,1,1,3,3-1-1,5,Potentional Customer
DP-13165,10/10/2015,($40.94),2,812,1,1,1,1-1-1,3,Cold Customer
TH-21550,19/10/2017,($571.97),7,72,1,2,3,3-2-1,6,Loyal Customers
AP-10915,23/09/2017,$579.31,10,98,3,3,2,2-3-3,8,Potentional Customer
RS-19765,24/11/2017,$1.206.39,8,36,3,3,3,3-3-3,9,Best Customers
SV-20365,20/09/2017,$1.199.42,10,101,3,3,2,2-3-3,8,Potentional Customer
CK-12325,01/09/2017,$261.22,5,120,2,1,2,2-1-2,5,Potentional Customer
RD-19810,16/12/2017,$318.46,8,14,2,3,3,3-3-2,8,Loyal Customers
MR-17545,27/08/2017,$162.94,4,125,1,1,2,2-1-1,4,Potentional Customer
SC-20695,02/10/2017,$611.83,10,89,3,3,2,2-3-3,8,Potentional Customer
JF-15355,16/09/2017,$330.20,6,105,2,2,2,2-2-2,6,Potentional Customer
EG-13900,08/12/2017,$104.27,5,22,1,1,3,3-1-1,5,Potentional Customer
DS-13030,28/09/2017,$193.33,4,93,1,1,2,2-1-1,4,Potentional Customer
PO-19195,05/10/2017,($49.70),5,86,1,1,2,2-1-1,4,Potentional Customer
SS-20875,01/09/2017,($75.59),5,120,1,1,2,2-1-1,4,Potentional Customer
PB-19105,03/11/2017,$218.16,4,57,1,1,3,3-1-1,5,Potentional Customer
RF-19735,02/10/2017,$711.62,7,89,3,2,2,2-2-3,7,Potentional Customer
YC-21895,26/12/2017,$1.305.63,5,4,3,1,3,3-1-3,7,Big Spenders
DC-13285,07/12/2017,$132.07,5,23,1,1,3,3-1-1,5,Potentional Customer
CP-12340,23/07/2017,($1.850.30),8,160,1,3,2,2-3-1,6,Potentional Customer
BF-11020,17/10/2017,$302.02,8,74,2,3,3,3-3-2,8,Loyal Customers
LH-17020,05/05/2017,($242.74),4,239,1,1,1,1-1-1,3,Cold Customer
CS-12250,04/12/2017,$738.36,12,26,3,3,3,3-3-3,9,Best Customers
AJ-10795,17/07/2017,$1.158.71,7,166,3,2,2,2-2-3,7,Potentional Customer
BV-11245,30/01/2017,$315.22,5,334,2,1,1,1-1-2,4,Potentional Customer
DL-12865,21/09/2017,$322.24,8,100,2,3,2,2-3-2,7,Potentional Customer
BM-11785,26/05/2017,$137.74,10,218,1,3,1,1-3-1,5,At Risk
LT-17110,26/11/2017,$320.97,8,34,2,3,3,3-3-2,8,Loyal Customers
JK-15730,07/10/2017,$55.05,10,84,1,3,2,2-3-1,6,Potentional Customer
ES-14020,20/11/2017,$1.003.29,5,40,3,1,3,3-1-3,7,Big Spenders
RH-19495,28/11/2017,$563.79,5,32,3,1,3,3-1-3,7,Big Spenders
CD-11920,20/11/2017,$426.66,5,40,2,1,3,3-1-2,6,Potentional Customer
HW-14935,04/09/2017,$2.164.16,8,117,3,3,2,2-3-3,8,Potentional Customer
MC-18130,26/12/2016,$121.76,5,369,1,1,1,1-1-1,3,Cold Customer
GM-14440,08/10/2017,$347.27,7,83,2,2,2,2-2-2,6,Potentional Customer
PJ-19015,18/08/2017,$683.00,7,134,3,2,2,2-2-3,7,Potentional Customer
BW-11110,31/08/2017,$921.26,8,121,3,3,2,2-3-3,8,Potentional Customer
TR-21325,20/06/2017,$220.36,5,193,1,1,1,1-1-1,3,Cold Customer
PG-18820,24/11/2017,$137.46,13,36,1,3,3,3-3-1,7,Loyal Customers
JL-15175,24/12/2017,$209.28,5,6,1,1,3,3-1-1,5,Potentional Customer
BM-11650,27/11/2017,$2.199.28,11,33,3,3,3,3-3-3,9,Best Customers
EM-14095,08/09/2017,$240.24,4,113,2,1,2,2-1-2,5,Potentional Customer
AF-10885,10/11/2016,($163.12),4,415,1,1,1,1-1-1,3,Cold Customer
GA-14725,25/12/2017,$136.71,11,5,1,3,3,3-3-1,7,Loyal Customers
CK-12760,09/10/2017,($338.43),9,82,1,3,2,2-3-1,6,Potentional Customer
DP-13105,24/12/2017,$563.18,8,6,3,3,3,3-3-3,9,Best Customers
BK-11260,14/10/2017,($63.76),6,77,1,2,2,2-2-1,5,Potentional Customer
SJ-20125,26/09/2017,$144.12,12,95,1,3,2,2-3-1,6,Potentional Customer
CM-12445,20/10/2016,$64.43,3,436,1,1,1,1-1-1,3,Cold Customer
AJ-10780,16/10/2017,$150.71,7,75,1,2,2,2-2-1,5,Potentional Customer
LS-16945,05/07/2017,($318.77),6,178,1,2,2,2-2-1,5,Potentional Customer
GP-14740,26/11/2015,$31.84,2,765,1,1,1,1-1-1,3,Cold Customer
PK-18910,03/09/2016,($798.71),2,483,1,1,1,1-1-1,3,Cold Customer
SM-20005,04/11/2016,($26.59),4,421,1,1,1,1-1-1,3,Cold Customer
AG-10765,14/10/2017,($8.43),4,77,1,1,2,2-1-1,4,Potentional Customer
PM-19135,09/11/2017,$526.75,4,51,2,1,3,3-1-2,6,Potentional Customer
LL-16840,25/04/2017,$560.01,6,249,3,2,1,1-2-3,6,Potentional Customer
JS-15595,02/09/2017,($175.55),4,119,1,1,2,2-1-1,4,Potentional Customer
EL-13735,14/10/2017,$27.12,2,77,1,1,2,2-1-1,4,Potentional Customer
PC-18745,28/12/2017,$272.69,4,2,2,1,3,3-1-2,6,Potentional Customer
HL-15040,17/11/2017,$5.622.43,6,43,3,2,3,3-2-3,8,Loyal Customers
MS-17365,01/04/2017,$844.94,10,273,3,3,1,1-3-3,7,At Risk
GB-14530,29/10/2017,$7.84,11,62,1,3,3,3-3-1,7,Loyal Customers
JR-16210,27/11/2017,$452.37,5,33,2,1,3,3-1-2,6,Potentional Customer
BE-11335,02/09/2017,$1.487.77,5,119,3,1,2,2-1-3,6,Big Spenders
SC-20050,20/11/2017,$1.011.74,9,40,3,3,3,3-3-3,9,Best Customers
RW-19630,02/10/2017,$698.83,9,89,3,3,2,2-3-3,8,Potentional Customer
SE-20110,21/12/2017,$2.650.68,11,9,3,3,3,3-3-3,9,Best Customers
AH-10075,26/11/2017,$281.19,10,34,2,3,3,3-3-2,8,Loyal Customers
JM-15535,19/09/2017,$356.54,7,102,2,2,2,2-2-2,6,Potentional Customer
JJ-15760,08/12/2015,$34.45,2,753,1,1,1,1-1-1,3,Cold Customer
RK-19300,02/09/2017,$269.69,3,119,2,1,2,2-1-2,5,Potentional Customer
CG-12040,11/11/2017,$86.51,6,49,1,2,3,3-2-1,6,Loyal Customers
RP-19270,21/08/2016,$59.54,4,496,1,1,1,1-1-1,3,Cold Customer
KC-16255,18/11/2016,$846.12,6,407,3,2,1,1-2-3,6,Potentional Customer
KH-16360,29/12/2017,$528.21,6,1,2,2,3,3-2-2,7,Loyal Customers
GH-14665,28/12/2017,($5.81),2,2,1,1,3,3-1-1,5,Potentional Customer
SW-20275,30/11/2017,$332.87,6,30,2,2,3,3-2-2,7,Loyal Customers
JA-15970,29/09/2017,($819.42),8,92,1,3,2,2-3-1,6,Potentional Customer
DL-12925,03/11/2017,$4.21,6,57,1,2,3,3-2-1,6,Loyal Customers
LW-16990,27/11/2017,$662.83,6,33,3,2,3,3-2-3,8,Loyal Customers
TB-21190,11/11/2017,$179.00,4,49,1,1,3,3-1-1,5,Potentional Customer
BS-11800,09/04/2017,$194.05,2,265,1,1,1,1-1-1,3,Cold Customer
RW-19690,12/10/2017,$707.55,5,79,3,1,2,2-1-3,6,Big Spenders
TZ-21580,25/11/2017,$224.89,4,35,1,1,3,3-1-1,5,Potentional Customer
AS-10630,29/09/2017,$136.49,7,92,1,2,2,2-2-1,5,Potentional Customer
TS-21340,18/05/2017,($184.98),5,226,1,1,1,1-1-1,3,Cold Customer
SL-20155,21/10/2017,$527.97,7,70,2,2,3,3-2-2,7,Loyal Customers
MW-18235,16/11/2017,$1.665.52,2,44,3,1,3,3-1-3,7,Big Spenders
RD-19585,03/07/2017,$734.52,10,180,3,3,2,2-3-3,8,Potentional Customer
RA-19945,30/10/2017,($445.70),5,61,1,1,3,3-1-1,5,Potentional Customer
MT-17815,11/11/2017,$509.01,6,49,2,2,3,3-2-2,7,Loyal Customers
VG-21790,29/07/2017,$143.63,6,154,1,2,2,2-2-1,5,Potentional Customer
JS-15880,14/07/2016,$564.98,5,534,3,1,1,1-1-3,5,Big Spenders
KM-16225,16/12/2017,$635.11,6,14,3,2,3,3-2-3,8,Loyal Customers
HR-14770,17/12/2017,$185.58,5,13,1,1,3,3-1-1,5,Potentional Customer
DE-13255,11/01/2016,$464.47,5,719,2,1,1,1-1-2,4,Potentional Customer
AG-10390,07/09/2017,$69.28,5,114,1,1,2,2-1-1,4,Potentional Customer
JJ-15445,03/09/2016,$200.56,5,483,1,1,1,1-1-1,3,Cold Customer
JH-15430,25/12/2017,($24.08),4,5,1,1,3,3-1-1,5,Potentional Customer
RD-19660,07/09/2017,$835.77,5,114,3,1,2,2-1-3,6,Big Spenders
MO-17500,19/10/2017,$59.36,4,72,1,1,3,3-1-1,5,Potentional Customer
NS-18640,09/07/2017,($234.77),13,174,1,3,2,2-3-1,6,Potentional Customer
PP-18955,24/09/2017,$1.495.09,10,97,3,3,2,2-3-3,8,Potentional Customer
DG-13300,28/11/2017,$562.78,5,32,3,1,3,3-1-3,7,Big Spenders
NF-18595,07/09/2017,$388.21,7,114,2,2,2,2-2-2,6,Potentional Customer
MG-17650,01/12/2017,$341.90,7,29,2,2,3,3-2-2,7,Loyal Customers
TS-21160,13/08/2016,$260.87,6,504,2,2,1,1-2-2,5,Potentional Customer
BD-11620,22/10/2017,$206.76,6,69,1,2,3,3-2-1,6,Loyal Customers
CM-12160,04/12/2017,($394.37),6,26,1,2,3,3-2-1,6,Loyal Customers
SN-20560,10/09/2017,($716.86),6,111,1,2,2,2-2-1,5,Potentional Customer
EH-14005,28/12/2017,($94.14),7,2,1,2,3,3-2-1,6,Loyal Customers
FO-14305,22/11/2017,$215.60,10,38,1,3,3,3-3-1,7,Loyal Customers
MS-17710,12/11/2016,$247.43,6,413,2,2,1,1-2-2,5,Potentional Customer
CC-12100,29/09/2016,$208.59,6,457,1,2,1,1-2-1,4,Potentional Customer
DW-13540,23/09/2017,$69.67,5,98,1,1,2,2-1-1,4,Potentional Customer
BT-11395,03/03/2017,$257.92,6,302,2,2,1,1-2-2,5,Potentional Customer
CY-12745,31/10/2017,$60.65,8,60,1,3,3,3-3-1,7,Loyal Customers
BT-11485,11/03/2016,$126.87,2,659,1,1,1,1-1-1,3,Cold Customer
PS-19045,08/05/2017,$1.742.73,7,236,3,2,1,1-2-3,6,Potentional Customer
PV-18985,02/10/2017,$434.53,5,89,2,1,2,2-1-2,5,Potentional Customer
NM-18520,30/04/2017,$788.95,10,244,3,3,1,1-3-3,7,At Risk
AP-10720,19/11/2017,$285.79,8,41,2,3,3,3-3-2,8,Loyal Customers
DL-13495,15/10/2017,($52.79),8,76,1,3,2,2-3-1,6,Potentional Customer
CS-12355,24/12/2017,$831.94,11,6,3,3,3,3-3-3,9,Best Customers
FH-14275,23/11/2017,$1.073.27,10,37,3,3,3,3-3-3,9,Best Customers
NC-18340,20/05/2017,$580.31,5,224,3,1,1,1-1-3,5,Big Spenders
AA-10315,29/06/2017,($362.88),5,184,1,1,1,1-1-1,3,Cold Customer
LT-16765,04/12/2017,$59.04,3,26,1,1,3,3-1-1,5,Potentional Customer
PM-18940,09/12/2016,$157.88,3,386,1,1,1,1-1-1,3,Cold Customer
AT-10435,09/12/2017,$100.88,6,21,1,2,3,3-2-1,6,Loyal Customers
CA-12055,24/11/2016,$211.26,5,401,1,1,1,1-1-1,3,Cold Customer
HR-14830,24/07/2017,$1.196.95,7,159,3,2,2,2-2-3,7,Potentional Customer
BT-11530,30/09/2017,$409.50,5,91,2,1,2,2-1-2,5,Potentional Customer
LH-16750,01/08/2017,$12.63,3,151,1,1,2,2-1-1,4,Potentional Customer
SW-20755,14/07/2016,$68.24,2,534,1,1,1,1-1-1,3,Cold Customer
SP-20620,13/11/2017,($270.43),9,47,1,3,3,3-3-1,7,Loyal Customers
BF-11170,14/12/2017,$1.538.21,11,16,3,3,3,3-3-3,9,Best Customers
KT-16480,21/09/2017,$194.07,10,100,1,3,2,2-3-1,6,Potentional Customer
BG-11695,24/11/2017,$107.57,6,36,1,2,3,3-2-1,6,Loyal Customers
GM-14680,31/07/2017,$35.49,6,152,1,2,2,2-2-1,5,Potentional Customer
EJ-14155,03/11/2017,$451.88,5,57,2,1,3,3-1-2,6,Potentional Customer
NP-18700,14/08/2017,$631.23,7,138,3,2,2,2-2-3,7,Potentional Customer
MH-18115,25/12/2017,$170.97,9,5,1,3,3,3-3-1,7,Loyal Customers
JR-15700,23/10/2017,$107.99,1,68,1,1,3,3-1-1,5,Potentional Customer
SM-20950,05/12/2017,$581.57,12,25,3,3,3,3-3-3,9,Best Customers
CC-12220,10/12/2017,$393.96,12,20,2,3,3,3-3-2,8,Loyal Customers
PF-19225,07/09/2017,$591.31,5,114,3,1,2,2-1-3,6,Big Spenders
DC-12850,23/11/2017,($1.441.63),9,37,1,3,3,3-3-1,7,Loyal Customers
BD-11770,06/02/2017,$141.27,6,327,1,2,1,1-2-1,4,Potentional Customer
GM-14500,15/09/2017,$441.32,10,106,2,3,2,2-3-2,7,Potentional Customer
TB-21355,06/08/2017,$268.97,5,146,2,1,2,2-1-2,5,Potentional Customer
JH-16180,21/11/2016,($96.95),4,404,1,1,1,1-1-1,3,Cold Customer
EB-13975,30/12/2017,$162.88,4,0,1,1,3,3-1-1,5,Potentional Customer
BE-11410,23/09/2017,$755.92,5,98,3,1,2,2-1-3,6,Big Spenders
QJ-19255,05/12/2017,$1.203.68,9,25,3,3,3,3-3-3,9,Best Customers
TC-21535,26/12/2017,$217.93,7,4,1,2,3,3-2-1,6,Loyal Customers
CS-12460,03/12/2017,$156.26,2,27,1,1,3,3-1-1,5,Potentional Customer
HG-14965,07/12/2017,($2.797.96),12,23,1,3,3,3-3-1,7,Loyal Customers
LW-16825,03/10/2017,$32.58,5,88,1,1,2,2-1-1,4,Potentional Customer
MC-17575,03/12/2017,$210.75,8,27,1,3,3,3-3-1,7,Loyal Customers
LP-17095,21/12/2017,$338.45,7,9,2,2,3,3-2-2,7,Loyal Customers
EB-14170,09/10/2017,$282.17,6,82,2,2,2,2-2-2,6,Potentional Customer
GZ-14545,26/07/2017,$828.66,4,157,3,1,2,2-1-3,6,Big Spenders
CP-12085,09/10/2017,$427.03,8,82,2,3,2,2-3-2,7,Potentional Customer
FG-14260,26/11/2017,$394.74,7,34,2,2,3,3-2-2,7,Loyal Customers
LD-17005,11/11/2016,$557.17,4,414,2,1,1,1-1-2,4,Potentional Customer
AB-10255,17/07/2017,$264.57,9,166,2,3,2,2-3-2,7,Potentional Customer
MN-17935,26/11/2017,$290.82,6,34,2,2,3,3-2-2,7,Loyal Customers
JR-15670,16/05/2016,($785.16),2,593,1,1,1,1-1-1,3,Cold Customer
JF-15190,26/10/2017,$575.13,7,65,3,2,3,3-2-3,8,Loyal Customers
CM-12115,22/12/2017,$409.07,4,8,2,1,3,3-1-2,6,Potentional Customer
AS-10045,03/10/2017,($253.57),7,88,1,2,2,2-2-1,5,Potentional Customer
BP-11290,18/12/2017,($319.06),7,12,1,2,3,3-2-1,6,Loyal Customers
ND-18370,03/12/2017,$353.65,9,27,2,3,3,3-3-2,8,Loyal Customers
LB-16735,12/11/2017,$18.65,3,48,1,1,3,3-1-1,5,Potentional Customer
KT-16465,04/12/2016,$254.00,7,391,2,2,1,1-2-2,5,Potentional Customer
HM-14860,28/12/2017,$2.437.98,10,2,3,3,3,3-3-3,9,Best Customers
AB-10600,10/11/2017,($274.96),4,50,1,1,3,3-1-1,5,Potentional Customer
SZ-20035,25/11/2017,$366.43,11,35,2,3,3,3-3-2,8,Loyal Customers
MG-17890,22/09/2017,$171.74,9,99,1,3,2,2-3-1,6,Potentional Customer
JK-16120,04/09/2017,$122.66,10,117,1,3,2,2-3-1,6,Potentional Customer
YS-21880,21/12/2017,$1.778.29,8,9,3,3,3,3-3-3,9,Best Customers
KM-16375,04/11/2017,$973.79,8,56,3,3,3,3-3-3,9,Best Customers
AB-10105,19/11/2017,$5.444.81,10,41,3,3,3,3-3-3,9,Best Customers
HA-14905,22/10/2017,$270.86,7,69,2,2,3,3-2-2,7,Loyal Customers
BT-11305,28/01/2017,$417.59,5,336,2,1,1,1-1-2,4,Potentional Customer
SV-20815,15/10/2017,$199.65,4,76,1,1,2,2-1-1,4,Potentional Customer
RW-19540,01/09/2017,$1.586.63,7,120,3,2,2,2-2-3,7,Potentional Customer
DK-12835,09/12/2017,$881.12,12,21,3,3,3,3-3-3,9,Best Customers
ST-20530,27/08/2017,$84.44,7,125,1,2,2,2-2-1,5,Potentional Customer
MM-17920,23/12/2017,$82.13,11,7,1,3,3,3-3-1,7,Loyal Customers
PW-19030,14/11/2017,$803.82,10,46,3,3,3,3-3-3,9,Best Customers
SC-20440,24/11/2017,$379.56,7,36,2,2,3,3-2-2,7,Loyal Customers
TS-21085,07/01/2017,($3.32),2,357,1,1,1,1-1-1,3,Cold Customer
MC-17425,26/11/2016,$1.802.39,5,399,3,1,1,1-1-3,5,Big Spenders
ME-17320,18/11/2017,$1.859.47,10,42,3,3,3,3-3-3,9,Best Customers
NH-18610,24/06/2017,$760.17,7,189,3,2,1,1-2-3,6,Potentional Customer
MB-18085,16/11/2017,$117.81,7,44,1,2,3,3-2-1,6,Loyal Customers
KD-16495,09/09/2017,$3.038.63,12,112,3,3,2,2-3-3,8,Potentional Customer
KN-16390,11/12/2017,($151.15),9,19,1,3,3,3-3-1,7,Loyal Customers
NP-18685,19/11/2016,$514.50,6,406,2,2,1,1-2-2,5,Potentional Customer
CS-12505,02/11/2017,($6.626.39),6,58,1,2,3,3-2-1,6,Loyal Customers
MS-17770,31/08/2017,$280.86,9,121,2,3,2,2-3-2,7,Potentional Customer
CM-12655,03/12/2017,$1.572.46,6,27,3,2,3,3-2-3,8,Loyal Customers
Co-12640,29/06/2016,$205.63,5,549,1,1,1,1-1-1,3,Cold Customer
TS-21370,24/11/2017,$2.371.71,6,36,3,2,3,3-2-3,8,Loyal Customers
JW-15220,18/11/2017,$2.173.71,6,42,3,2,3,3-2-3,8,Loyal Customers
JD-15790,04/09/2017,($266.55),5,117,1,1,2,2-1-1,4,Potentional Customer
PC-19000,01/08/2015,($184.34),2,882,1,1,1,1-1-1,3,Cold Customer
AR-10540,24/12/2017,$2.884.62,6,6,3,2,3,3-2-3,8,Loyal Customers
TT-21460,18/12/2017,$1.124.50,7,12,3,2,3,3-2-3,8,Loyal Customers
AI-10855,17/12/2017,$867.73,10,13,3,3,3,3-3-3,9,Best Customers
TB-21400,11/06/2017,$2.798.37,7,202,3,2,1,1-2-3,6,Potentional Customer
PL-18925,15/12/2017,($0.75),5,15,1,1,3,3-1-1,5,Potentional Customer
GH-14425,10/11/2017,$1.176.42,4,50,3,1,3,3-1-3,7,Big Spenders
MP-18175,14/12/2017,$226.45,9,16,1,3,3,3-3-1,7,Loyal Customers
JM-15655,22/12/2017,$117.20,5,8,1,1,3,3-1-1,5,Potentional Customer
CL-11890,15/09/2017,$328.08,4,106,2,1,2,2-1-2,5,Potentional Customer
DB-13270,07/11/2017,$841.83,8,53,3,3,3,3-3-3,9,Best Customers
IG-15085,20/10/2017,$320.50,4,71,2,1,3,3-1-2,6,Potentional Customer
BO-11425,16/10/2017,$59.45,2,75,1,1,2,2-1-1,4,Potentional Customer
AB-10150,19/11/2017,$313.66,5,41,2,1,3,3-1-2,6,Potentional Customer
JW-16075,25/09/2016,$154.06,4,461,1,1,1,1-1-1,3,Cold Customer
EB-13750,25/11/2017,($80.29),10,35,1,3,3,3-3-1,7,Loyal Customers
SG-20470,30/06/2017,($119.01),8,183,1,3,1,1-3-1,5,At Risk
CM-12190,22/12/2017,$91.20,6,8,1,2,3,3-2-1,6,Loyal Customers
AW-10840,10/12/2017,$65.77,4,20,1,1,3,3-1-1,5,Potentional Customer
MC-18100,19/11/2017,($64.17),10,41,1,3,3,3-3-1,7,Loyal Customers
VG-21805,19/03/2017,($52.33),5,286,1,1,1,1-1-1,3,Cold Customer
MY-18295,20/10/2017,($371.71),11,71,1,3,3,3-3-1,7,Loyal Customers
RD-19480,19/10/2017,$480.59,8,72,2,3,3,3-3-2,8,Loyal Customers
DP-13390,06/01/2017,$1.571.83,9,358,3,3,1,1-3-3,7,At Risk
ML-17395,22/10/2017,$684.92,9,69,3,3,3,3-3-3,9,Best Customers
JC-15385,08/07/2017,$502.92,1,175,2,1,2,2-1-2,5,Potentional Customer
JG-15160,29/12/2017,$1.415.67,11,1,3,3,3,3-3-3,9,Best Customers
MC-17275,15/10/2017,$461.00,8,76,2,3,2,2-3-2,7,Potentional Customer
NW-18400,11/07/2017,$1.023.12,7,172,3,2,2,2-2-3,7,Potentional Customer
TB-21280,26/05/2016,$490.96,6,583,2,2,1,1-2-2,5,Potentional Customer
BS-11380,02/12/2017,($17.53),5,28,1,1,3,3-1-1,5,Potentional Customer
HH-15010,19/10/2017,$86.73,2,72,1,1,3,3-1-1,5,Potentional Customer
CD-12280,18/11/2017,$233.03,2,42,2,1,3,3-1-2,6,Potentional Customer
TH-21100,20/01/2017,($135.21),5,344,1,1,1,1-1-1,3,Cold Customer
MM-18055,30/10/2017,($520.34),8,61,1,3,3,3-3-1,7,Loyal Customers
NS-18505,24/12/2017,($12.30),4,6,1,1,3,3-1-1,5,Potentional Customer
RB-19645,22/03/2016,$72.68,5,648,1,1,1,1-1-1,3,Cold Customer
SW-20455,21/07/2017,$793.65,7,162,3,2,2,2-2-3,7,Potentional Customer
EB-13930,22/07/2017,$0.60,5,161,1,1,2,2-1-1,4,Potentional Customer
PS-18760,14/09/2017,($134.44),6,107,1,2,2,2-2-1,5,Potentional Customer
HF-14995,09/12/2017,($13.88),7,21,1,2,3,3-2-1,6,Loyal Customers
HZ-14950,25/11/2017,($130.39),5,35,1,1,3,3-1-1,5,Potentional Customer
CD-12790,26/11/2016,$403.84,5,399,2,1,1,1-1-2,4,Potentional Customer
JK-15205,30/10/2017,$1.219.98,5,61,3,1,3,3-1-3,7,Big Spenders
FM-14215,23/12/2017,$249.68,10,7,2,3,3,3-3-2,8,Loyal Customers
ED-13885,17/08/2017,$670.44,8,135,3,3,2,2-3-3,8,Potentional Customer
DA-13450,12/01/2017,$56.79,4,352,1,1,1,1-1-1,3,Cold Customer
JW-15955,25/12/2017,($29.58),7,5,1,2,3,3-2-1,6,Loyal Customers
RM-19375,19/01/2017,$392.15,6,345,2,2,1,1-2-2,5,Potentional Customer
ML-17755,01/12/2017,$409.51,7,29,2,2,3,3-2-2,7,Loyal Customers
CC-12685,23/10/2015,$850.16,4,799,3,1,1,1-1-3,5,Big Spenders
JE-15610,12/11/2017,$1.623.40,7,48,3,2,3,3-2-3,8,Loyal Customers
RP-19855,02/12/2017,$594.59,8,28,3,3,3,3-3-3,9,Best Customers
TB-21175,02/11/2017,$829.16,4,58,3,1,3,3-1-3,7,Big Spenders
BE-11455,20/04/2017,$139.20,6,254,1,2,1,1-2-1,4,Potentional Customer
JF-15565,06/11/2017,$1.073.21,8,54,3,3,3,3-3-3,9,Best Customers
PB-19210,11/02/2016,$21.90,2,688,1,1,1,1-1-1,3,Cold Customer
BT-11680,10/12/2017,$447.75,7,20,2,2,3,3-2-2,7,Loyal Customers
JL-15235,02/09/2017,$54.52,5,119,1,1,2,2-1-1,4,Potentional Customer
CH-12070,08/02/2016,$195.15,3,691,1,1,1,1-1-1,3,Cold Customer
ND-18460,30/06/2017,$443.34,6,183,2,2,1,1-2-2,5,Potentional Customer
BF-10975,30/09/2017,$227.44,7,91,1,2,2,2-2-1,5,Potentional Customer
KH-16330,20/11/2017,$454.79,8,40,2,3,3,3-3-2,8,Loyal Customers
GW-14605,02/12/2017,($268.54),7,28,1,2,3,3-2-1,6,Loyal Customers
NC-18625,09/06/2017,($359.02),5,204,1,1,1,1-1-1,3,Cold Customer
ME-18010,29/09/2017,$107.36,4,92,1,1,2,2-1-1,4,Potentional Customer
BP-11230,21/11/2017,($197.27),5,39,1,1,3,3-1-1,5,Potentional Customer
JC-15775,25/07/2017,$279.57,9,158,2,3,2,2-3-2,7,Potentional Customer
AS-10090,02/12/2017,$64.54,9,28,1,3,3,3-3-1,7,Loyal Customers
AC-10450,19/12/2017,$1.366.01,7,11,3,2,3,3-2-3,8,Loyal Customers
MD-17860,24/11/2017,($4.04),5,36,1,1,3,3-1-1,5,Potentional Customer
DB-13660,18/12/2017,$177.67,7,12,1,2,3,3-2-1,6,Loyal Customers
EH-13990,20/11/2016,$150.38,6,405,1,2,1,1-2-1,4,Potentional Customer
EH-13765,17/08/2017,$1.393.52,12,135,3,3,2,2-3-3,8,Potentional Customer
SC-20230,03/08/2017,$440.14,4,149,2,1,2,2-1-2,5,Potentional Customer
JE-15715,14/11/2017,$1.262.29,10,46,3,3,3,3-3-3,9,Best Customers
AC-10615,24/12/2017,$298.83,5,6,2,1,3,3-1-2,6,Potentional Customer
JD-16015,09/09/2017,$26.76,6,112,1,2,2,2-2-1,5,Potentional Customer
CB-12415,04/12/2017,$272.39,8,26,2,3,3,3-3-2,8,Loyal Customers
JS-16030,02/12/2017,($311.26),6,28,1,2,3,3-2-1,6,Loyal Customers
LW-17215,09/12/2017,$837.24,7,21,3,2,3,3-2-3,8,Loyal Customers
SC-20800,30/11/2017,$51.83,4,30,1,1,3,3-1-1,5,Potentional Customer
AM-10705,21/07/2017,$1.085.73,8,162,3,3,2,2-3-3,8,Potentional Customer
RH-19510,19/09/2016,$1.289.45,6,467,3,2,1,1-2-3,6,Potentional Customer
CT-11995,25/09/2017,$161.23,8,96,1,3,2,2-3-1,6,Potentional Customer
MC-17590,09/11/2017,$288.98,6,51,2,2,3,3-2-2,7,Loyal Customers
CC-12610,26/11/2017,$331.43,7,34,2,2,3,3-2-2,7,Loyal Customers
KA-16525,24/11/2017,$234.92,7,36,2,2,3,3-2-2,7,Loyal Customers
TC-20980,26/11/2016,$8.981.32,5,399,3,1,1,1-1-3,5,Big Spenders
BF-11080,05/12/2017,$110.93,3,25,1,1,3,3-1-1,5,Potentional Customer
MM-17260,15/07/2017,$178.40,4,168,1,1,2,2-1-1,4,Potentional Customer
AH-10120,31/10/2017,($2.31),7,60,1,2,3,3-2-1,6,Loyal Customers
BW-11200,10/06/2017,$247.00,6,203,2,2,1,1-2-2,5,Potentional Customer
SW-20245,10/10/2017,($19.61),7,81,1,2,2,2-2-1,5,Potentional Customer
BS-11665,27/05/2016,$238.74,3,582,2,1,1,1-1-2,4,Potentional Customer
RF-19345,05/12/2016,$633.71,8,390,3,3,1,1-3-3,7,At Risk
WB-21850,10/12/2017,$714.33,11,20,3,3,3,3-3-3,9,Best Customers
TB-21625,30/11/2017,$379.88,9,30,2,3,3,3-3-2,8,Loyal Customers
AF-10870,19/11/2017,$317.97,7,41,2,2,3,3-2-2,7,Loyal Customers
RB-19435,11/12/2017,$477.24,8,19,2,3,3,3-3-2,8,Loyal Customers
KF-16285,24/09/2017,$1.660.14,7,97,3,2,2,2-2-3,7,Potentional Customer
JH-15820,09/07/2017,$26.08,6,174,1,2,2,2-2-1,5,Potentional Customer
IL-15100,10/08/2017,$1.121.94,7,142,3,2,2,2-2-3,7,Potentional Customer
PB-18805,05/12/2017,$229.23,3,25,2,1,3,3-1-2,6,Potentional Customer
RH-19600,14/07/2016,$172.63,3,534,1,1,1,1-1-1,3,Cold Customer
AW-10930,14/11/2017,($104.55),7,46,1,2,3,3-2-1,6,Loyal Customers
ML-17410,06/11/2017,($76.18),6,54,1,2,3,3-2-1,6,Loyal Customers
DB-13555,14/09/2017,$109.33,7,107,1,2,2,2-2-1,5,Potentional Customer
MH-17620,28/07/2017,$122.36,4,155,1,1,2,2-1-1,4,Potentional Customer
DK-13375,11/12/2017,$377.08,8,19,2,3,3,3-3-2,8,Loyal Customers
BT-11440,18/06/2016,($77.53),4,560,1,1,1,1-1-1,3,Cold Customer
DB-13405,26/06/2017,$438.91,4,187,2,1,1,1-1-2,4,Potentional Customer
TG-21310,27/01/2017,$682.17,5,337,3,1,1,1-1-3,5,Big Spenders
BF-11005,21/11/2017,($291.38),4,39,1,1,3,3-1-1,5,Potentional Customer
JM-16195,03/11/2017,$754.11,10,57,3,3,3,3-3-3,9,Best Customers
MZ-17335,30/11/2017,$85.02,4,30,1,1,3,3-1-1,5,Potentional Customer
MW-18220,13/12/2017,$1.238.42,7,17,3,2,3,3-2-3,8,Loyal Customers
MV-17485,03/12/2017,$189.03,9,27,1,3,3,3-3-1,7,Loyal Customers
SM-20320,12/10/2017,($1.980.74),5,79,1,1,2,2-1-1,4,Potentional Customer
TP-21415,17/09/2017,($1.087.39),5,104,1,1,2,2-1-1,4,Potentional Customer
JK-15625,30/10/2017,$750.95,7,61,3,2,3,3-2-3,8,Loyal Customers
PJ-18835,21/11/2017,$442.14,8,39,2,3,3,3-3-2,8,Loyal Customers
RS-19420,15/10/2017,$633.45,5,76,3,1,2,2-1-3,6,Big Spenders
KM-16660,15/12/2017,$91.14,5,15,1,1,3,3-1-1,5,Potentional Customer
SV-20935,28/12/2017,$106.89,8,2,1,3,3,3-3-1,7,Loyal Customers
BC-11125,11/06/2017,$251.60,9,202,2,3,1,1-3-2,6,At Risk
EM-13825,05/11/2017,$682.55,8,55,3,3,3,3-3-3,9,Best Customers
BM-11575,21/09/2017,$95.58,6,100,1,2,2,2-2-1,5,Potentional Customer
KN-16705,23/09/2017,$329.76,8,98,2,3,2,2-3-2,7,Potentional Customer
KW-16570,20/11/2015,$107.93,4,771,1,1,1,1-1-1,3,Cold Customer
SC-20260,26/06/2017,$671.00,8,187,3,3,1,1-3-3,7,At Risk
CV-12295,20/04/2017,$493.09,5,254,2,1,1,1-1-2,4,Potentional Customer
SG-20605,13/09/2017,$463.27,6,108,2,2,2,2-2-2,6,Potentional Customer
TM-21010,18/09/2017,$573.30,8,103,3,3,2,2-3-3,8,Potentional Customer
EM-13810,20/08/2017,($133.83),5,132,1,1,2,2-1-1,4,Potentional Customer
ML-18040,12/10/2017,$138.72,3,79,1,1,2,2-1-1,4,Potentional Customer
CR-12580,03/11/2017,$74.40,4,57,1,1,3,3-1-1,5,Potentional Customer
AZ-10750,23/07/2017,$154.95,6,160,1,2,2,2-2-1,5,Potentional Customer
PW-19240,22/09/2016,$1.290.35,7,464,3,2,1,1-2-3,6,Potentional Customer
SC-20380,30/11/2017,$236.66,9,30,2,3,3,3-3-2,8,Loyal Customers
CM-11935,22/01/2016,($43.73),2,708,1,1,1,1-1-1,3,Cold Customer
GM-14695,04/09/2017,$188.72,3,117,1,1,2,2-1-1,4,Potentional Customer
TB-21250,15/01/2017,$260.62,7,349,2,2,1,1-2-2,5,Potentional Customer
JM-15865,12/09/2017,$1.574.62,7,109,3,2,2,2-2-3,7,Potentional Customer
SC-20575,29/09/2017,$100.23,5,92,1,1,2,2-1-1,4,Potentional Customer
LS-17200,25/09/2017,$244.20,6,96,2,2,2,2-2-2,6,Potentional Customer
RR-19315,11/12/2017,($73.84),2,19,1,1,3,3-1-1,5,Potentional Customer
DB-12910,09/12/2017,$431.37,8,21,2,3,3,3-3-2,8,Loyal Customers
TT-21220,30/06/2017,$278.74,8,183,2,3,1,1-3-2,6,At Risk
LO-17170,28/12/2017,$150.17,5,2,1,1,3,3-1-1,5,Potentional Customer
MS-17530,22/10/2016,$84.03,4,434,1,1,1,1-1-1,3,Cold Customer
KD-16615,16/03/2017,$539.72,5,289,2,1,1,1-1-2,4,Potentional Customer
NB-18580,22/10/2014,$24.79,2,1165,1,1,1,1-1-1,3,Cold Customer
BD-11635,21/12/2017,$141.53,3,9,1,1,3,3-1-1,5,Potentional Customer
CM-12235,10/12/2016,$365.04,5,385,2,1,1,1-1-2,4,Potentional Customer
EN-13780,18/03/2017,$496.11,4,287,2,1,1,1-1-2,4,Potentional Customer
KN-16450,08/11/2017,$114.31,5,52,1,1,3,3-1-1,5,Potentional Customer
BO-11350,15/08/2017,$278.78,5,137,2,1,2,2-1-2,5,Potentional Customer
AG-10300,03/09/2017,$59.29,4,118,1,1,2,2-1-1,4,Potentional Customer
MC-17635,24/06/2017,($247.94),4,189,1,1,1,1-1-1,3,Cold Customer
TA-21385,22/10/2017,$4.703.79,4,69,3,1,3,3-1-3,7,Big Spenders
JF-15295,19/05/2017,$97.29,5,225,1,1,1,1-1-1,3,Cold Customer
TT-21265,19/11/2016,$93.92,3,406,1,1,1,1-1-1,3,Cold Customer
SB-20170,12/06/2017,$157.67,3,201,1,1,1,1-1-1,3,Cold Customer
CL-12700,16/09/2017,$229.01,5,105,2,1,2,2-1-2,5,Potentional Customer
HG-15025,24/12/2017,$804.61,7,6,3,2,3,3-2-3,8,Loyal Customers
NL-18310,02/11/2017,$343.64,4,58,2,1,3,3-1-2,6,Potentional Customer
RR-19525,13/07/2017,$721.68,6,170,3,2,2,2-2-3,7,Potentional Customer
TC-21295,03/12/2017,$606.37,8,27,3,3,3,3-3-3,9,Best Customers
SV-20785,13/02/2017,$485.03,9,320,2,3,1,1-3-2,6,At Risk
SC-20680,26/08/2017,$370.16,6,126,2,2,2,2-2-2,6,Potentional Customer
DF-13135,30/01/2016,($259.31),3,700,1,1,1,1-1-1,3,Cold Customer
FH-14350,01/06/2017,$706.29,4,212,3,1,1,1-1-3,5,Big Spenders
RH-19555,29/07/2016,$0.31,2,519,1,1,1,1-1-1,3,Cold Customer
GA-14515,03/08/2017,$840.90,8,149,3,3,2,2-3-3,8,Potentional Customer
JP-16135,19/09/2017,$309.71,9,102,2,3,2,2-3-2,7,Potentional Customer
Dp-13240,07/10/2017,$333.36,11,84,2,3,2,2-3-2,7,Potentional Customer
MO-17950,03/07/2017,($82.01),2,180,1,1,2,2-1-1,4,Potentional Customer
DL-13330,03/11/2017,$222.68,4,57,1,1,3,3-1-1,5,Potentional Customer
MH-18025,11/11/2017,$476.90,5,49,2,1,3,3-1-2,6,Potentional Customer
DR-12940,10/11/2017,$2.869.08,8,50,3,3,3,3-3-3,9,Best Customers
DM-13015,03/11/2017,$1.677.39,7,57,3,2,3,3-2-3,8,Loyal Customers
CA-11965,25/09/2017,$1.143.38,6,96,3,2,2,2-2-3,7,Potentional Customer
AC-10660,23/03/2017,($28.70),5,282,1,1,1,1-1-1,3,Cold Customer
DM-13345,08/12/2017,$1.319.06,8,22,3,3,3,3-3-3,9,Best Customers
VF-21715,17/12/2017,($96.28),5,13,1,1,3,3-1-1,5,Potentional Customer
CC-12370,17/11/2017,$2.177.05,5,43,3,1,3,3-1-3,7,Big Spenders
BF-11275,03/11/2017,$25.87,3,57,1,1,3,3-1-1,5,Potentional Customer
HG-14845,06/11/2017,$147.00,5,54,1,1,3,3-1-1,5,Potentional Customer
BP-11155,02/10/2017,$647.38,6,89,3,2,2,2-2-3,7,Potentional Customer
EM-14140,12/11/2017,$1.319.37,6,48,3,2,3,3-2-3,8,Loyal Customers
MA-17995,27/06/2017,$280.78,6,186,2,2,1,1-2-2,5,Potentional Customer
AY-10555,16/12/2017,$103.35,4,14,1,1,3,3-1-1,5,Potentional Customer
GB-14575,17/12/2017,$1.135.84,5,13,3,1,3,3-1-3,7,Big Spenders
JB-16045,23/12/2017,$201.52,5,7,1,1,3,3-1-1,5,Potentional Customer
MG-17875,05/09/2017,($470.77),5,116,1,1,2,2-1-1,4,Potentional Customer
SR-20425,22/12/2017,($3.333.91),5,8,1,1,3,3-1-1,5,Potentional Customer
JB-16000,17/11/2017,$126.76,7,43,1,2,3,3-2-1,6,Loyal Customers
DM-12955,07/09/2017,$108.76,7,114,1,2,2,2-2-1,5,Potentional Customer
TC-21475,30/07/2017,$119.10,9,153,1,3,2,2-3-1,6,Potentional Customer
SW-20350,21/07/2017,$95.84,3,162,1,1,2,2-1-1,4,Potentional Customer
RE-19450,03/03/2017,$209.23,5,302,1,1,1,1-1-1,3,Cold Customer
BF-11215,26/10/2017,$523.21,4,65,2,1,3,3-1-2,6,Potentional Customer
KB-16405,04/09/2017,$274.30,3,117,2,1,2,2-1-2,5,Potentional Customer
JG-15310,28/12/2017,$3.80,6,2,1,2,3,3-2-1,6,Loyal Customers
EC-14050,07/11/2017,$96.43,5,53,1,1,3,3-1-1,5,Potentional Customer
EB-14110,08/09/2017,$184.77,6,113,1,2,2,2-2-1,5,Potentional Customer
JP-15460,23/11/2017,$429.75,7,37,2,2,3,3-2-2,7,Loyal Customers
CS-11845,30/09/2017,$185.38,5,91,1,1,2,2-1-1,4,Potentional Customer
GH-14410,16/10/2017,($576.83),9,75,1,3,2,2-3-1,6,Potentional Customer
PT-19090,20/10/2017,($20.05),4,71,1,1,3,3-1-1,5,Potentional Customer
JL-15130,22/12/2017,($207.80),6,8,1,2,3,3-2-1,6,Loyal Customers
AH-10030,18/12/2017,$365.22,7,12,2,2,3,3-2-2,7,Loyal Customers
CC-12475,21/11/2017,$154.85,9,39,1,3,3,3-3-1,7,Loyal Customers
DW-13195,22/10/2017,($86.87),6,69,1,2,3,3-2-1,6,Loyal Customers
SJ-20215,01/12/2017,($23.51),6,29,1,2,3,3-2-1,6,Loyal Customers
BG-11740,03/11/2017,$119.35,6,57,1,2,3,3-2-1,6,Loyal Customers
LB-16795,31/07/2017,($52.19),8,152,1,3,2,2-3-1,6,Potentional Customer
CM-11815,21/08/2017,$214.46,6,131,1,2,2,2-2-1,5,Potentional Customer
EH-14185,16/09/2017,$242.11,6,105,2,2,2,2-2-2,6,Potentional Customer
TS-21505,19/12/2017,$11.38,6,11,1,2,3,3-2-1,6,Loyal Customers
PR-18880,24/11/2017,$247.62,5,36,2,1,3,3-1-2,6,Potentional Customer
LC-17050,06/11/2017,$86.78,5,54,1,1,3,3-1-1,5,Potentional Customer
CS-12490,01/11/2016,($302.88),4,424,1,1,1,1-1-1,3,Cold Customer
DH-13075,28/03/2017,$1.193.74,6,277,3,2,1,1-2-3,6,Potentional Customer
JO-15145,03/11/2017,$581.40,9,57,3,3,3,3-3-3,9,Best Customers
AH-10690,15/11/2016,$1.298.02,12,410,3,3,1,1-3-3,7,At Risk
HJ-14875,26/08/2017,$98.65,5,126,1,1,2,2-1-1,4,Potentional Customer
MH-17455,06/10/2017,$484.77,8,85,2,3,2,2-3-2,7,Potentional Customer
RD-19930,18/11/2017,$35.06,4,42,1,1,3,3-1-1,5,Potentional Customer
SC-20020,10/11/2015,($317.05),5,781,1,1,1,1-1-1,3,Cold Customer
SU-20665,10/12/2017,$763.47,7,20,3,2,3,3-2-3,8,Loyal Customers
FC-14335,29/06/2017,$714.29,7,184,3,2,1,1-2-3,6,Potentional Customer
RB-19330,23/10/2017,($164.41),2,68,1,1,3,3-1-1,5,Potentional Customer
NC-18535,24/12/2017,$1.314.76,7,6,3,2,3,3-2-3,8,Loyal Customers
DB-12970,03/05/2017,$213.00,5,241,1,1,1,1-1-1,3,Cold Customer
MF-17665,04/11/2016,($341.53),5,421,1,1,1,1-1-1,3,Cold Customer
RM-19750,06/03/2017,$28.69,1,299,1,1,1,1-1-1,3,Cold Customer
VM-21835,04/09/2017,$116.64,5,117,1,1,2,2-1-1,4,Potentional Customer
EJ-13720,03/03/2017,$387.02,4,302,2,1,1,1-1-2,4,Potentional Customer
NC-18415,19/11/2017,($2.204.81),6,41,1,2,3,3-2-1,6,Loyal Customers
LS-17230,14/11/2015,$39.20,3,777,1,1,1,1-1-1,3,Cold Customer
KE-16420,04/12/2017,$397.88,8,26,2,3,3,3-3-2,8,Loyal Customers
DH-13675,15/11/2015,$116.67,4,776,1,1,1,1-1-1,3,Cold Customer
PF-19120,17/09/2015,($614.29),4,835,1,1,1,1-1-1,3,Cold Customer
VT-21700,05/04/2015,($224.09),2,1000,1,1,1,1-1-1,3,Cold Customer
MG-17695,23/06/2016,($398.79),3,555,1,1,1,1-1-1,3,Cold Customer
SP-20920,21/10/2017,$14.69,6,70,1,2,3,3-2-1,6,Loyal Customers
CS-12175,12/05/2017,$113.14,5,232,1,1,1,1-1-1,3,Cold Customer
DK-12895,15/11/2017,$937.65,5,45,3,1,3,3-1-3,7,Big Spenders
AA-10645,05/11/2017,$857.80,6,55,3,2,3,3-2-3,8,Loyal Customers
DD-13570,19/11/2017,$36.43,6,41,1,2,3,3-2-1,6,Loyal Customers
AH-10465,14/05/2017,($196.12),5,230,1,1,1,1-1-1,3,Cold Customer
TP-21565,14/01/2017,$139.23,4,350,1,1,1,1-1-1,3,Cold Customer
EK-13795,16/11/2017,$97.11,4,44,1,1,3,3-1-1,5,Potentional Customer
CR-12820,06/10/2017,$83.27,3,85,1,1,2,2-1-1,4,Potentional Customer
SG-20890,18/05/2017,($3.71),3,226,1,1,1,1-1-1,3,Cold Customer
AH-10585,09/12/2017,$83.96,4,21,1,1,3,3-1-1,5,Potentional Customer
NF-18475,23/07/2016,$85.93,4,525,1,1,1,1-1-1,3,Cold Customer
BS-11365,20/06/2016,$2.616.06,5,558,3,1,1,1-1-3,5,Big Spenders
SH-20635,26/11/2015,$260.63,2,765,2,1,1,1-1-2,4,Potentional Customer
RD-19720,09/12/2017,$207.33,10,21,1,3,3,3-3-1,7,Loyal Customers
AG-10330,22/12/2017,($5.14),5,8,1,1,3,3-1-1,5,Potentional Customer
GR-14560,21/11/2014,$359.83,2,1135,2,1,1,1-1-2,4,Potentional Customer
VS-21820,23/05/2017,($262.81),4,221,1,1,1,1-1-1,3,Cold Customer
TM-21490,22/08/2017,$292.52,3,130,2,1,2,2-1-2,5,Potentional Customer
TS-21430,11/07/2017,$48.70,5,172,1,1,2,2-1-1,4,Potentional Customer
DB-13360,10/04/2017,$291.01,5,264,2,1,1,1-1-2,4,Potentional Customer
NR-18550,03/06/2017,($25.15),5,210,1,1,1,1-1-1,3,Cold Customer
CS-11860,21/07/2017,$105.83,6,162,1,2,2,2-2-1,5,Potentional Customer
MF-18250,23/12/2017,$456.86,5,7,2,1,3,3-1-2,6,Potentional Customer
LW-17125,08/06/2017,$192.63,3,205,1,1,1,1-1-1,3,Cold Customer
AR-10345,10/09/2017,($221.05),4,111,1,1,2,2-1-1,4,Potentional Customer
KS-16300,10/03/2017,$0.11,3,295,1,1,1,1-1-1,3,Cold Customer
AB-10015,10/11/2016,$129.35,3,415,1,1,1,1-1-1,3,Cold Customer
LR-17035,20/08/2017,($382.81),5,132,1,1,2,2-1-1,4,Potentional Customer
SS-20410,11/09/2017,($1.010.97),6,110,1,2,2,2-2-1,5,Potentional Customer
JM-15580,30/12/2017,$113.12,5,0,1,1,3,3-1-1,5,Potentional Customer
JK-15325,18/03/2017,$55.33,3,287,1,1,1,1-1-1,3,Cold Customer
FC-14245,21/10/2017,$1.217.17,7,70,3,2,3,3-2-3,8,Loyal Customers
DM-13525,05/09/2016,$199.77,3,481,1,1,1,1-1-1,3,Cold Customer
ML-18265,21/09/2017,$42.66,2,100,1,1,2,2-1-1,4,Potentional Customer
MH-17290,02/09/2017,$28.76,6,119,1,2,2,2-2-1,5,Potentional Customer
TH-21115,02/11/2017,($252.55),4,58,1,1,3,3-1-1,5,Potentional Customer
JK-16090,02/12/2017,$586.66,3,28,3,1,3,3-1-3,7,Big Spenders
SB-20185,25/06/2017,$885.46,6,188,3,2,1,1-2-3,6,Potentional Customer
BG-11035,02/12/2017,($711.43),8,28,1,3,3,3-3-1,7,Loyal Customers
BW-11065,01/06/2017,($58.29),3,212,1,1,1,1-1-1,3,Cold Customer
MG-18205,10/04/2017,($1.25),1,264,1,1,1,1-1-1,3,Cold Customer
DO-13645,04/12/2017,$294.07,7,26,2,2,3,3-2-2,7,Loyal Customers
BP-11050,08/10/2017,$209.78,5,83,1,1,2,2-1-1,4,Potentional Customer
TS-21655,06/05/2017,$220.92,5,238,1,1,1,1-1-1,3,Cold Customer
EM-14200,25/07/2017,$21.77,3,158,1,1,2,2-1-1,4,Potentional Customer
AO-10810,16/08/2016,$12.10,1,501,1,1,1,1-1-1,3,Cold Customer
MH-17440,19/12/2016,$61.43,4,376,1,1,1,1-1-1,3,Cold Customer
SS-20515,26/08/2016,$199.93,3,491,1,1,1,1-1-1,3,Cold Customer
LD-16855,26/06/2016,$0.46,1,552,1,1,1,1-1-1,3,Cold Customer
VP-21760,16/10/2017,($1.018.78),7,75,1,2,2,2-2-1,5,Potentional Customer
TC-21145,15/09/2017,$265.53,1,106,2,1,2,2-1-2,5,Potentional Customer
IM-15055,16/11/2016,$975.77,3,409,3,1,1,1-1-3,5,Big Spenders
AR-10570,14/07/2016,$32.63,1,534,1,1,1,1-1-1,3,Cold Customer
CM-12715,01/03/2015,$176.31,4,1035,1,1,1,1-1-1,3,Cold Customer
FW-14395,02/01/2017,$23.49,3,362,1,1,1,1-1-1,3,Cold Customer
LC-16960,20/10/2016,$299.48,4,436,2,1,1,1-1-2,4,Potentional Customer
HE-14800,18/12/2017,$274.40,4,12,2,1,3,3-1-2,6,Potentional Customer
BD-11560,27/03/2017,$116.71,2,278,1,1,1,1-1-1,3,Cold Customer
HD-14785,22/11/2015,($135.88),3,769,1,1,1,1-1-1,3,Cold Customer
CJ-11875,30/12/2016,$1.65,1,365,1,1,1,1-1-1,3,Cold Customer
RS-19870,11/12/2017,$9.58,2,19,1,1,3,3-1-1,5,Potentional Customer
SC-20845,21/08/2017,$31.18,2,131,1,1,2,2-1-1,4,Potentional Customer
RE-19405,29/12/2014,$6.05,1,1097,1,1,1,1-1-1,3,Cold Customer
SM-20905,03/05/2016,($237.29),1,606,1,1,1,1-1-1,3,Cold Customer
